<?xml version="1.0" encoding="UTF-8"?>
<project-private xmlns="http://www.netbeans.org/ns/project-private/1">
    <editor-bookmarks xmlns="http://www.netbeans.org/ns/editor-bookmarks/2" lastBookmarkId="0"/>
    <open-files xmlns="http://www.netbeans.org/ns/projectui-open-files/2">
        <group>
            <file>file:/G:/electricitynew/src/electricitynew/Electricitynew.java</file>
            <file>file:/G:/electricitynew/src/electricitynew/pending_complaint.java</file>
            <file>file:/G:/electricitynew/src/electricitynew/listofconnections.java</file>
            <file>file:/G:/electricitynew/src/electricitynew/modifyconnection1.java</file>
            <file>file:/G:/electricitynew/src/electricitynew/electrictyparenta.java</file>
            <file>file:/G:/electricitynew/src/electricitynew/paybill.java</file>
            <file>file:/G:/electricitynew/src/electricitynew/add_dis_text.java</file>
            <file>file:/G:/electricitynew/src/electricitynew/login1.java</file>
            <file>file:/G:/electricitynew/src/electricitynew/newcomplaint.java</file>
            <file>file:/G:/electricitynew/src/electricitynew/createadmin.java</file>
            <file>file:/G:/electricitynew/src/electricitynew/electricitychidab.java</file>
            <file>file:/G:/electricitynew/src/electricitynew/changepassword.java</file>
        </group>
    </open-files>
</project-private>
